customer_id,email,joined_at
C001,customer001@example.test,2025-01-30
C002,customer002@example.test,2025-02-28
C003,customer003@example.test,2025-03-29
C004,customer004@example.test,2025-04-27
C005,customer005@example.test,2025-05-26
C006,customer006@example.test,2025-06-24
C007,customer007@example.test,2025-07-23
C008,customer008@example.test,2025-08-21
C009,customer009@example.test,2025-09-19
C010,customer010@example.test,2025-10-18
C011,customer011@example.test,2025-11-16
C012,customer012@example.test,2025-12-15
C013,customer013@example.test,2026-01-13
C014,customer014@example.test,2026-02-11
C015,customer015@example.test,2026-03-12
C016,customer016@example.test,2025-01-15
C017,customer017@example.test,2025-02-13
C018,customer018@example.test,2025-03-14
