order_id,customer_id,order_date,category,quantity,unit_price
O0001,C016,2026-01-20,Books,2,24.50
O0002,C014,2026-02-23,Outdoor,4,12.50
O0003,C011,2026-02-26,Books,2,39.50
O0004,C013,2026-03-01,Home,4,12.50
O0005,C012,2026-03-02,Garden,1,39.50
O0006,C008,2026-03-31,Home,4,12.50
O0007,C009,2026-04-01,Outdoor,1,58.50
O0008,C010,2026-04-03,Books,4,12.50
O0009,C006,2026-04-08,Books,1,58.50
O0010,C007,2026-04-09,Garden,1,58.50
O0011,C011,2026-05-14,Outdoor,3,24.50
O0012,C012,2026-05-14,Books,3,39.50
O0013,C005,2026-05-16,Books,3,24.50
O0014,C004,2026-05-17,Outdoor,1,39.50
O0015,C013,2026-05-18,Garden,2,58.50
O0016,C003,2026-05-22,Home,1,39.50
O0017,C014,2026-05-24,Home,2,58.50
O0018,C001,2026-05-27,Books,3,24.50
O0019,C002,2026-05-27,Garden,1,58.50
O0020,C009,2026-06-12,Home,1,12.50
O0021,C007,2026-06-15,Books,2,24.50
O0022,C010,2026-06-18,Outdoor,2,58.50
O0023,C008,2026-06-19,Garden,4,12.50
O0024,C006,2026-06-20,Outdoor,3,24.50
O0025,C002,2026-07-06,Books,3,39.50
O0026,C004,2026-07-09,Home,2,39.50
O0027,C003,2026-07-11,Garden,2,39.50
O0028,C001,2026-07-12,Outdoor,3,12.50
O0029,C005,2026-07-17,Outdoor,2,24.50
O0030,C009,2026-07-27,Garden,1,24.50
O0031,C006,2026-07-28,Home,1,24.50
O0032,C008,2026-07-28,Books,4,58.50
O0033,C010,2026-07-30,Home,2,24.50
O0034,C007,2026-08-02,Outdoor,2,39.50
O0035,C001,2026-08-13,Home,3,39.50
O0036,C002,2026-08-13,Outdoor,2,12.50
O0037,C005,2026-08-16,Home,2,24.50
O0038,C003,2026-08-18,Books,1,58.50
O0039,C004,2026-08-20,Garden,1,24.50
O0040,C003,2026-09-09,Outdoor,1,39.50
O0041,C004,2026-09-11,Books,3,39.50
O0042,C001,2026-09-12,Garden,4,24.50
O0043,C002,2026-09-12,Home,2,12.50
O0044,C005,2026-09-21,Garden,2,39.50
